lines which do not contain the letter " e " .	~ ( . * e . * )
lines that contain only the letters " agde " .	agde
lines using words ending in " er " .	. * \\b [A-Za-z] * er \\b . *
lines which contain only lowercase letters.	[a-z] *
lines that contain the word " dance "	. * \\b dance \\b . *
lines with words that contain 3 vowels.	. * ( ( \\b [A-Za-z] + \\b ) & ( . * [AEIOUaeiou] . * ) { 3 } ) . *
lines which have ' bar '	. * bar . *
lines using a word that ends in " spoon "	. * ( ( \\b [A-Za-z] + \\b ) & ( . * spoon ) ) . *
lines that include three capital letters	( . * [A-Z] . * ) { 3 }
lines using words that begin with “z”.	. * \\b z [A-Za-z] * \\b . *
lines that have at least 5 numbers.	( . * [0-9] . * ) { 5 , }
lines that ends with letter ' f '	. * f
lines using a word that contains the letters ' der '	. * \\b [A-Za-z] * der [A-Za-z] * \\b . *
lines using only three words	( ( [^A-Za-z] ) * \\b [A-Za-z] + \\b ( [^A-Za-z] ) * ) { 3 }
lines starting with ' uu ' followed by words starting with ' z ' .	uu . * \\b z [A-Za-z] * \\b . *
lines that have 2 words using 4 letters	( . * \\b [A-Za-z] { 4 } \\b . * ) { 2 }
lines that have words ending in ' ing '	. * \\b [A-Za-z] * ing \\b . *
lines which contain the word " black " and the letter " z " .	( . * \\b black \\b . * ) & ( . * z . * )
lines that contain the number " 254 " at least twice.	( . * 254 . * ) { 2 }
lines containing the word ' art '	. * \\b art \\b . *
lines with a word ending in " aought " that contain only one word	( [^A-Za-z] ) * \\b [A-Za-z] * aought \\b ( [^A-Za-z] ) *
lines which contain only an uppercase letter	[A-Z]
lines that contain at least one numeric in it.	. * [0-9] . *
lines that end in an ' o '	. * o
lines that have all the letters ' a ' , ' b ' and ' c '	( . * a . * ) & ( . * b . * ) & ( . * c . * )
lines having words ending with ' ne ' .	. * \\b [A-Za-z] * ne \\b . *
lines that contain “World War II” and contain “casualties”.	( . * World _ War _ II . * ) & ( . * casualties . * )
lines that contain the numbers " 9 " , and " 10 "	. * ( 9 . * 10 | 10 . * 9 ) . *
lines with the word ' Triple ' followed by words that start with ' X '	. * \\b Triple \\b . * \\b X [A-Za-z] * \\b . *
lines using ' su ' after ' son ' or ' soon ' .	. * ( son | soon ) . * su . *
lines that utilize words starting with ' do ' .	. * ( ( [A-Za-z] + ) & ( \\b do . * \\b ) ) . *
lines using ' q ' before ' r '	. * q . * r . *
lines containing a word using the letters ' tt ' .	. * \\b [A-Za-z] * tt [A-Za-z] * \\b . *
lines using more than 1 character	. * . { 2 , } . *
lines that contain words with ' ru ' .	. * \\b [A-Za-z] * ru [A-Za-z] * \\b . *
lines containing a word using " ause "	. * \\b [A-Za-z] * ause [A-Za-z] * \\b . *
lines containing instances of " JFK " found after " ABC "	. * ABC . * JFK . *
lines that contain at least three words and at least one number.	( . * \\b [A-Za-z] [A-Za-z] * \\b . * ) { 3 } & ( . * [0-9] . * )
lines that contain numbers	. * [0-9] . *
lines using the word ' going ' followed by ' d ' .	. * \\b going \\b . * d . *
lines that have ' sandwich ' but not the word ' ham '	( . * sandwich . * ) & ( ~ ( . * \\b ham \\b . * ) )
lines containing words starting with " t " .	. * ( ( \\b t . * \\b ) & ( [A-Za-z] + ) ) . *
lines that contain words ending in ' g '	. * ( ( \\b [A-Za-z] [A-Za-z] * \\b ) & ( . * g ) ) . *
lines that contain words ending with vowels.	. * \\b [A-Za-z] * [AEIOUaeiou] \\b . *
lines that use words starting with ' s ' .	. * \\b s [A-Za-z] * \\b . *
lines using 2 words or more	( . * \\b [A-Za-z] + \\b . * ) { 2 , }
lines using the word " piggy " and " his mother " .	. * ( . * \\b piggy \\b . * ) & ( . * his _ mother . * )
lines that have 5 characters and no vowels.	( . { 5 } ) & ( ~ ( . * [AEIOUaeiou] . * ) )
lines that contain at least one vowel and at least two numbers.	( . * [AEIOUaeiou] . * ) & ( . * [0-9] . * ) { 2 }
lines using at least 3 characters	. * . { 3 } . *
lines that contain the phrase " city of " .	. * ( . * \\b city _ of \\b . * ) . *
lines that contain between two to seven words.	( [^A-Za-z] * \\b [A-Za-z] [A-Za-z] * \\b [^A-Za-z] * ) { 2 , 7 }
lines that use words starting with ' ga ' .	. * \\b ga [A-Za-z] * \\b . *
lines any words beginning with the letter ' k ' .	. * ( ( \\b [A-Za-z] + \\b ) & ( k . * ) ) . *
lines containing any number with an ' 8 ' in it.	. * 8 . *
lines which contain only the number " 3 " .	3
lines that contain words starting with ' pa ' .	. * \\b pa [A-Za-z] * \\b . *
lines that contain only three words.	( ( [^A-Za-z] ) * \\b [A-Za-z] + \\b ( [^A-Za-z] ) * ) { 3 }
lines that mention ' Dylan ' in the same line as ' Lynda ' .	( . * Dylan . * Lynda . * ) | ( . * Lynda . * Dylan . * )
lines containing ' foo ' or ' nu ' before ' dist ' or ' dust '	. * ( foo | nu ) . * ( dist | dust ) . *
lines where the number ' 0 ' appears	. * 0 . *
lines that feature ' email ' followed by the word " spam " .	. * email . * \\b spam \\b . *
lines that have within them words ending in ' ch ' .	. * \\b [A-Za-z] * ch \\b . *
lines using the word " clue "	. * \\b clue \\b . *
lines that contain ' news ' before ' paper ' or ' show ' .	. * news . * ( paper | show ) . *
lines that do not contain the word " foo "	~ ( . * \\b foo \\b . * )
lines using ' min ' before ' imal '	. * min . * imal . *
lines that include the string ' rst '	. * rst . *
lines that contain at least two words starting with " h " in them.	( . * \\b h [A-Za-z] * \\b . * ) { 2 }
lines using the word ' An ' at least once.	. * \\b An \\b . *
lines that begin with a number	[0-9] . *
lines that have words ending with ' ti ' .	. * \\b [A-Za-z] * ti \\b . *
lines that do not contain the character " x "	~ ( . * x . * )
lines using words containing “ope”.	. * \\b [A-Za-z] * ope [A-Za-z] * \\b . *
lines that use words starting with ' bi ' .	. * \\b bi [A-Za-z] * \\b . *
lines using ' oon '	. * oon . *
lines using words beginning with the letter ' g '	. * \\b g [A-Za-z] * \\b . *
lines containing any mention of the word " code " .	. * \\b code \\b . *
lines that contain 5 words	( . * \\b [A-Za-z] + \\b . * ) { 5 }
lines that have a word beginning with th and a number that begins in " 7 "	( . * \\b th [A-Za-z] * \\b . * ) & ( . * 7 [0-9] * . * )
lines that have all of its letters capitalized.	~ ( . * [a-z] . * )
lines using ' mno ' after ' pqr '	. * pqr . * mno . *
lines where there are two consecutive capital letters	. * [A-Z] [A-Z] . *
lines containing a letter	. * [A-Za-z] . *
lines that contain the word ' orange ' .	. * \\b orange \\b . *
lines using a word of 5 letters or less.	. * \\b [A-Za-z] { 1 , 5 } \\b . *
lines that have words with ' la ' .	. * \\b [A-Za-z] * la [A-Za-z] * \\b . *
lines that using the symbol ' + ' or ' - ' .	. * ( \ + | - ) . *
lines that contain the word " Hindi " .	. * \\b Hindi \\b . *
lines using words containing " e " before " i " .	. * ( ( \\b [A-Za-z] [A-Za-z] * \\b ) & ( . * e . * i . * ) ) . *
lines that have at least one capital letter.	. * [A-Z] . *
lines that have at least 3, but not more that 6 words.	( [^A-Za-z] * \\b [A-Za-z] + \\b [^A-Za-z] * ) { 3 , 6 }
lines that contain " mix " or " shake " .	. * mix . * | . * shake . *
lines that have 1 word in them	. * \\b [A-Za-z] [A-Za-z] * \\b . *
lines where " PQR " is between a number and " LMNO "	. * [0-9] . * PQR . * LMNO . * | . * LMNO . * PQR . * [0-9] . *
lines that have words with 7 letters.	. * \\b [A-Za-z] { 7 } \\b . *
lines that have one number	. * [0-9] . *
lines containing ' a ' before ' b '	. * a . * b . *
lines containing ' h ' , or ' i '	. * ( h | i ) . *
lines that contain words starting with ' de ' .	. * ( ( \\b de . * \\b ) & ( [A-Za-z] + ) ) . *
lines that include words starting with ' q ' .	. * ( ( \\b [A-Za-z] [A-Za-z] * \\b ) & ( q . * ) ) . *
lines that mention both ' butterflies ' and ' fireflies ' .	( . * butterflies . * ) & ( . * fireflies . * )
lines that contain ' ject ' or ' pel '	. * ( ject | pel ) . *
lines that carry the word " Jim " located in between " Stacks " and " Slim " .	. * Stacks . * \\b Jim \\b . * Slim . * | . * Slim . * \\b Jim \\b . * Stacks . *
lines using at least 5 ' d '	( . * d . * ) { 5 , }
lines that contain at least 2 digits.	( . * [0-9] . * ) { 2 , }
lines using words with ' ca ' .	. * \\b [A-Za-z] * ca [A-Za-z] * \\b . *
lines that have only 3 words	( ( [^A-Za-z] ) * \\b [A-Za-z] + \\b ( [^A-Za-z] ) * ) { 3 }
lines that have 2 or more numbers.	( . * [0-9] . * ) { 2 , }
lines that have a 2 letter sequence	. * [A-Za-z] { 2 } . *
lines that include words starting with ' fe ' .	( . * ( ( \\b [A-Za-z] + \\b ) & ( fe . * ) ) . * ) . *
lines not containing 4 or more characters	~ ( . * . { 4 , } . * )
lines that end containing the letter " z " .	. * z
lines which have three words.	( . * \\b [A-Za-z] + \\b . * ) { 3 , }
lines with " sec " before " mun " .	. * sec . * mun . *
lines that have two or more words ending in " a " .	. * ( . * \\b [A-Za-z] * a \\b . * ) { 2 } . *
lines that have 6 words.	( . * \\b [A-Za-z] + \\b . * ) { 6 }
lines that do not contain any number	~ ( . * [0-9] . * )
lines containing ' k ' , or ' l '	. * ( k | l ) . *
lines that contain words ending with ' mae ' .	. * \\b [A-Za-z] * mae \\b . *
lines that contain words starting with ' h ' .	. * \\b h [A-Za-z] * \\b . *
lines where the word " Homer " precedes the word " Odyssey "	. * \\b Homer \\b . * \\b Odyssey \\b . *
lines that do not contain the letter " a "	~ ( . * a . * )
lines using the word " hero " .	. * \\b hero \\b . *
lines that have words starting with ' pi ' .	. * ( ( \\b [A-Za-z] [A-Za-z] * \\b ) & ( pi . * ) ) . *
lines that have words starting with ' kai ' .	. * \\b kai [A-Za-z] * \\b . *
Find lines that mention dogs or cats but not any with mice	( . * ( dogs | cats ) . * ) & ( ~ ( . * mice . * ) )
lines that use ' a ' or ' b ' before words ending with ' er ' .	. * ( a | b ) . * \\b [A-Za-z] * er \\b . *
lines starting with ' abc '	abc . *
lines using three character words begining with the letters " CE " .	. * \\b CE [A-Za-z] \\b . *
lines that contain 3 words and have at least 2 numbers.	. * ( . * \\b [A-Za-z] + \\b . * ) { 3 } & ( . * [0-9] . * ) { 2 } . *
lines using ' abc ' after ' def '	. * def . * abc . *
lines which feature the word ' hairy ' .	. * \\b hairy \\b . *
lines containing the word " crack " .	. * \\b crack \\b . *
lines that have at least three " j " .	( . * j . * ) { 3 }
lines that have ' turn '	. * turn . *
lines using ' ghi ' after ' jkl '	. * jkl . * ghi . *
lines which contain a mix of uppercase letters and lowercase letters	( . * [A-Z] . * ) & ( . * [a-z] . * )
lines where no word is more than 5 characters	~ ( . * \\b [A-Z-a-z] { 6 , } \\b . * )
lines using " d " in the middle of a word.	. * \\b [A-Za-z] + d [A-Za-z] + \\b . *
lines using 5 ' d '	( . * d . * ) { 5 }
lines with capital letters	. * [A-Z] . *
lines containing ' e ' , or ' f '	. * ( e | f ) . *
lines using a 5 letter sequence	. * [A-Za-z] { 5 } . *
lines which contain a word starting with " ch "	. * \\b ch [A-Za-z] * \\b . *
lines that contain words starting with ' po ' .	. * ( ( \\b [A-Za-z] [A-Za-z] * \\b ) & ( po . * ) ) . *
lines utilizing the word ' law ' .	. * . * \\b law \\b . *
lines that have only one b.	( [^b] ) * b ( [^b] ) *
lines that have the number " 44 " .	. * 44 . *
lines that contain the letter " A " followed by a vowel.	. * A . * [AEIOUaeiou] . *
lines that contain words with ' oo ' .	. * ( ( \\b [A-Za-z] + \\b ) & ( . * oo . * ) ) . *
lines which have at least 7 numbers.	. * ( . * [0-9] . * ) { 7 } . *
lines which end with ' you '	. * you
lines that contain words ending with ' ol ' .	. * ( ( \\b [A-Za-z] [A-Za-z] * \\b ) & ( . * ol ) ) . *
lines that contain a digit.	. * [0-9] . *
lines using a word having the string ' der '	. * \\b [A-Za-z] * der [A-Za-z] * \\b . *
lines that are 20 characters or less	. { 0 , 20 }
lines containing a word	. * \\b [A-Za-z] + \\b . *
lines that begin with the word " once " .	once \\b . *
lines that contain words starting with ' ac ' .	. * ( ( \\b [A-Za-z] [A-Za-z] * \\b ) & ( ac . * ) ) . *
lines that have 4 words or less where at least 1 of those words contains the letter sequence ' uin ' .	( [^A-Za-z] * \\b [A-Za-z] + \\b [^A-Za-z] * ) { 0 , 4 } & ( . * ( ( \\b [A-Za-z] + \\b ) & ( . * uin . * ) ) . * ) { 1 , }
lines that contain words ending in ' n '	. * \\b [A-Za-z] * n \\b . *
lines that have ' eye '	. * eye . *
lines that contain three letter words in them.	. * \\b [A-Za-z] { 3 } \\b . *
lines that contain five letter words.	. * \\b [A-Za-z] { 5 } \\b . *
lines which do not have " life " .	~ ( . * life . * )
lines which start with a number.	[0-9] . *
lines that start with a ' z ' and end with an ' a ' .	z . * a
lines that have instances of a number and a vowel	( . * [0-9] . * ) & ( . * [AEIOUaeiou] . * )
lines which have both uppercase letters and lowercase letters.	( . * [A-Z] . * ) & ( . * [a-z] . * )
lines containing 5 letter words.	. * \\b [A-Za-z] { 5 } \\b . *
lines that match " billy " or " bob " .	. * ( billy | bob ) . *
lines which contain five or more " y "	( . * y . * ) { 5 , }
lines that include words starting with ' ne ' .	. * \\b ne [A-Za-z] * \\b . *
lines containing words that start with ' x '	. * \\b x [A-Za-z] * \\b . *
lines containing ' ge ' or ' an ' before ' ger ' or ' tra '	. * ( ge | an ) . * ( ger | tra ) . *
lines that end with " gh "	. * gh
lines which contain " sorry "	. * sorry . *
lines with " tch " but not " wi " .	( . * tch . * ) & ( ~ ( . * wi . * ) )
lines that start with ' far '	far . *
lines using words that end in " y " or " i " .	. * \\b [A-Za-z] * ( y | i ) \\b . *
lines that contain the number " 2005 " and " May " and begin with " Mary " .	( . * 2005 . * ) & ( . * May . * ) & ( Mary . * )
lines with an ' 8 ' that comes after a ' 5 ' .	. * 5 . * 8 . *
lines utilizing words starting with ' w ' .	. * ( ( w . * ) & ( \\b [A-Za-z] [A-Za-z] * \\b ) ) . *
lines containing words that start with " th "	. * \\b th [A-Za-z] * \\b . *
lines that contain ' ig ' or ' physics ' before ' nobel ' .	. * ( ig | physics ) . * nobel . *
lines containing ' st ' and containing ' gy ' too	( . * st . * ) & ( . * gy . * )
lines that contain the text " NOW "	. * NOW . *
lines that contain the text “hello”	. * hello . *
lines that contain five words that begin with " P " .	. * ( . * \\b P [A-Za-z] * \\b . * ) { 5 } . *
lines that have words ending with ' ge ' .	. * \\b [A-Za-z] * ge \\b . *
Look for any line with the ' @ ' symbol.	. * \@ . *
lines using an instance of ' itch '	. * itch . *
lines containing three vowels	( . * [AEIOUaeiou] . * ) { 3 }
lines containing ' ers ' and containing ' oxy ' too	( . * ers . * ) & ( . * oxy . * )
lines that have more than 6 numbers.	( . * [0-9] . * ) { 7 , }
lines with the word ' Goal ' in them.	. * ( ( \\b [A-Za-z] + \\b ) & ( Goal ) ) . *
lines beginning with " Therefore "	Therefore . *
lines using 2 or more words containing the letters ' ing ' .	( . * ( \\b [A-Za-z] + \\b & ( . * ing . * ) ) . * ) { 2 , }
lines that have the word " love " preceeding the word " you " .	. * \\b love \\b . * \\b you \\b . *
lines which contain a 3 letter string starting with a	. * ( a [A-Za-z] { 2 } ) . *
lines starting with a " T " .	T . *
lines that contain the letters ' ba ' .	. * ba . *
lines that are composed of 4 or more words.	( . * \\b [A-Za-z] + \\b . * ) { 4 , }
lines using the word " George " and the number " 62 " .	. * ( . * \\b George \\b . * ) & ( . * 62 . * ) . *
lines utilizing words starting with ' b ' .	. * \\b b [A-Za-z] * \\b . *
lines that use the word ' boom ' followed by words starting with ' ka '	. * \\b boom \\b . * \\b ka [A-Za-z] * \\b . *
lines that end in a number	. * [0-9]
lines that use words with ' ce ' .	. * ( ( \\b [A-Za-z] + \\b ) & ( . * ce . * ) ) . *
lines which have at least 1 numeric character.	. * [0-9] . *
lines that contain at least one word starting with ' q ' .	. * \\b q [A-Za-z] * \\b . *
lines that have ' twist '	. * twist . *
lines containing words that start with and end with " xyz "	xyz ( . * xyz ) ?
lines containing ' x ' and containing ' y ' too	( . * x . * ) & ( . * y . * )
lines that contain words ending with ' la ' .	. * \\b [A-Za-z] * la \\b . *
lines that have 3 numbers and contain the word " Columbia " .	( . * [0-9] . * ) { 3 } & ( . * \\b Columbia \\b . * )
lines that contain at least one number.	. * [0-9] . *
lines that contain words starting with ' ke ' .	. * ( ( \\b [A-Za-z] + \\b ) & ( ke . * ) ) . *
lines that contain a word using at most 6 letters	. * \\b [A-Za-z] { 1 , 6 } \\b . *
lines using ' ent ' or ' ong '	. * ( ent | ong ) . *
lines containing words using a vowel.	. * \\b [A-Za-z] * [aeiouAEIOU] [A-Za-z] * \\b . *
lines with words ending in ' y ' .	. * \\b [A-Za-z] * y \\b . *
lines that contain 2 numbers that contain " 19 " .	( . * 19 . * ) { 2 }
lines that contain at least 2 capital letters.	( . * [A-Z] . * ) { 2 , }
lines containing a 6 letter sequence	. * [A-Za-z] { 6 } . *
lines where the letter c appears more than one time	( . * c . * ) { 2 , }
lines which contain only vowels.	[AEIOUaeiou] *
lines that contain words ending in ' i ' .	. * \\b [A-Za-z] * i \\b . *
lines containing " ast "	( . * ast . * ) . *
lines using ' the '	. * the . *
lines containing ' on ' and also containing ' off '	( . * on . * ) & ( . * off . * )
lines that mention ' trolls ' .	. * trolls . *
lines that contain at least one vowel and at least two numbers	( ( . * [AEIOUaeiou] . * ) & ( . * [0-9] . * ) { 2 } )
lines that begin with the word " the "	\\b the \\b . *
lines that contain words with ' ri ' .	. * \\b [A-Za-z] * ri [A-Za-z] * \\b . *
lines which contain 3 or more vowels.	( . * [AEIOUaeiou] . * ) { 3 , }
lines using 3 instances of ' sw '	. * ( . * sw . * ) { 3 } . *
lines that contain instances of ' ape ' , but only if its one of the first three words.	( [^A-Za-z] * \\b [A-Za-z] + \\b [^A-Za-z] * ) { 0 , 2 } [^A-Za-z] * \\b ape \\b . *
lines which contain a word starting with the letter " a " and a word starting with the letter " z " .	( . * \\b a [A-Za-z] * \\b . * ) & ( . * \\b z [A-Za-z] * \\b . * )
lines that show " May " and " June " .	. * ( . * May . * ) & ( . * June . * ) . *
lines that use words starting with ' no ' .	. * \\b no [A-Za-z] * \\b . *
lines that contain the text " this is it " .	. * this _ is _ it . *
lines that start with " the " .	( the . * ) . *
lines that show the letter " a " and number " 5 " .	( . * a . * ) & ( . * 5 . * )
lines using ' din ' after ' e ' or ' ky ' .	. * ( e | ky ) . * din . *
lines that contain both a " B " and a " b " .	( . * B . * ) & ( . * b . * )
lines that have a ' 7 ' in them	. * 7 . *
lines using at least 6 characters	. * . { 6 } . *
lines that contain the word " zoo " .	. * \\b zoo \\b . *
lines using the vowel combination " ei " .	. * ei . *
lines containing at least 2 words	( . * \\b [A-Za-z] + \\b . * ) { 2 , }
lines containing the word " run " or the word " hat "	. * \\b ( run | hat ) \\b . *
lines containing at least 2 characters but not 4 characters or more	. { 2 , 3 }
lines with no vowels	~ ( . * [AEIOUaeiou] . * )
lines using words that contain the letter " q " .	. * ( ( \\b [A-Za-z] + \\b ) & ( . * q . * ) ) . *
lines containing the word " shoe " and containing the word " lace "	( . * \\b shoe \\b . * ) & ( . * \\b lace \\b . * )
lines using 2 or more words comprised of 5 letters	( . * \\b [A-Za-z] { 5 } \\b . * ) { 2 , }
lines starting with ' re '	re . *
lines that contain ' in '	. * in . *
lines using ' ick '	. * ick . *
lines that contain words starting with ' ki " .	. * \\b ki [A-Za-z] * \\b . *
lines that end in a digit	. * [0-9]
lines that have two vowels	( . * [AEIOUaeiou] . * ) { 2 }
lines having words starting with ' di ' .	. * \\b di [A-Za-z] * \\b . *
lines that contain five vowels	( . * [AEIOUaeiou] . * ) { 5 }
lines containing ' tt ' and containing ' bb ' too	( . * tt . * ) & ( . * bb . * )
lines that contain the word " hello " within 5 characters of the word " world " .	. * ( \\b hello \\b . { 1 , 5 } \\b world \\b | \\b world \\b . { 1 , 5 } \\b hello \\b ) . *
lines that end with the number " 100 " .	. * 100
lines which begin with the word ' how '	( ( \\b [A-Za-z] + \\b ) & ( how ) ) . *
lines using at least three numerical characters	( . * [0-9] . * ) { 3 , }
lines that do not have the letter ' a '	~ ( . * a . * )
lines that contain words ending in “ch”	. * \\b [A-Za-z] * ch \\b . *
lines that contain the word “trust”.	. * \\b trust \\b . *
lines which contain the letter " x " and the letter " y "	( . * x . * ) & ( . * y . * )
lines containing the word " country "	. * \\b country \\b . *
lines that have words containing ' ei '	. * \\b [A-Za-z] * ei [A-Za-z] * \\b . *
lines that contain words ending in ' os '	. * \\b [A-Za-z] * os \\b . *
lines that have words ending in " ing " .	. * \\b [A-Za-z] * ing \\b . *
lines that include both ' cake ' and ' candles ' .	( . * cake . * ) & ( . * candles . * )
lines using 1 number and 2 letters	. * ( . * [0-9] . * ) & ( . * [A-Za-z] . * ) { 2 } . *
lines using five letter words.	. * \\b [A-Za-z] { 5 } \\b . *
lines containing ' sing ' or ' sung '	. * ( sing | sung ) . *
lines using 6 instances of ' fu '	. * ( . * fu . * ) { 6 } . *
lines that have at least 6 characters	. { 6 , }
lines that have six letter words ending in " th " .	. * \\b [A-Za-z] { 4 } th \\b . *
lines containing the word ' pray ' at the end.	. * \\b pray
lines that contain 5 numbers and 2 words that contain " ly " .	. * ( . * [0-9] . * ) { 5 } & ( . * \\b [A-Za-z] * ly [A-Za-z] * \\b . * ) { 2 } . *
lines that utilize only three words	( ( [^A-Za-z] ) * \\b [A-Za-z] + \\b ( [^A-Za-z] ) * ) { 3 }
lines using ' Bill ' or ' bill '	. * ( B | b ) ill . *
lines that have no vowels.	~ ( . * [AEIOUaeiou] . * )
lines that have a number in them	. * [0-9] . *
lines that contain 7 or more words	( . * \\b [A-Za-z] + \\b . * ) { 7 }
lines using words starting with ' be ' .	. * ( ( \\b [A-Za-z] + \\b ) & ( be . * ) ) . *
lines that use words ending with ' at ' .	. * \\b [A-Za-z] * at \\b . *
lines which mention ' Pat ' with the word ' turkey ' .	. * ( . * Pat . * ) & ( . * \\b turkey \\b . * ) . *
lines that have a number, but only if it is followed by " ABC "	. * [0-9] . * ABC . *
lines that contain two words that have two letters.	( . * \\b [A-Za-z] { 2 } \\b . * ) { 2 }
lines that end in ' y ' and begins in ' a ' .	a . * y
lines that match to the text " I went into " .	. * I _ went _ into . *
lines which end with ' hula '	. * hula
lines that begins with the word " total " .	total \\b . *
lines using the word " God " .	. * ( . * \\b God \\b . * ) . *
lines that utilize words starting with ' bu ' .	. * ( ( [A-Za-z] + ) & ( \\b bu . * \\b ) ) . *
lines that contain “Freddie Mercury” and contain “AIDS”.	( . * Freddie _ Mercury . * ) & ( . * AIDS . * )
lines that are composed of 5 words or less where at least one word begins with the letter ' k ' .	( ( [^A-Za-z] * \\b [A-Za-z] + \\b [^A-Za-z] * ) { 0 , 5 } ) & ( . * \\b k [A-Za-z] * \\b . * )
lines that contain three words that start with the letter ' Y ' .	( . * \\b Y [A-Za-z] * \\b . * ) { 3 }
lines that contain a 3 letter word and a 2 letter word.	. * ( . * \\b [A-Za-z] { 3 } \\b . * ) & ( . * \\b [A-Za-z] { 2 } \\b . * ) . *
lines that contain a word starting with ' a ' and ending with ' a '	. * \\b a ( [A-Za-z] * a ) ? \\b . *
lines that start with words containing " w " .	\\b [A-Za-z] * w [A-Za-z] * \\b . *
lines that use the number ' 33 ' .	. * 33 . *
lines which start with ' alpha '	alpha . *
lines that have only two words in them.	( ( [^A-Za-z] ) * \\b [A-Za-z] + \\b ( [^A-Za-z] ) * ) { 2 }
lines that contain 4 or more " b "	( . * b . * ) { 4 }
lines containing words using the letters ' ers ' .	. * \\b [A-Za-z] * ers [A-Za-z] * \\b . *
lines which have instances of " tch " .	. * tch . *
lines using the string ' gue '	. * gue . *
lines that have ' aba ' between ' bcb ' and ' cbc '	. * bcb . * aba . * cbc . * | . * cbc . * aba . * bcb . *
lines containing the country name " New Zealand " .	. * New _ Zealand . *
lines which contain both " i " and " e " but no instances of " u " .	( . * i . * ) & ( . * e . * ) & ( ~ ( . * u . * ) )
lines that contain a number and contain a 3 letter word.	( . * \\b [A-Za-z] { 3 } \\b . * ) & ( . * [0-9] . * )
lines which start with ' start '	start . *
lines using ' ox ' before ' en '	. * ox . * en . *
lines containing ' l ' before ' y '	. * l . * y . *
lines that begin with ' a ' and end with ' z '	a . * z
lines containing ' lake ' and containing the word ' house '	. * lake . * & ( . * \\b house \\b . * )
lines using 5 or more words.	( . * \\b [A-Za-z] + \\b . * ) { 5 }
lines that contain words with at least 3 vowels	. * ( ( \\b [A-Za-z] + \\b ) & ( . * [AEIOUaeiou] . * ) { 3 } ) . *
lines that have " eak " after " red "	. * red . * eak . *
lines containing the word " preordained " .	. * \\b preordained \\b . *
lines that feature the word " moot " , and at least 3 words of 6 letters or more.	( . * \\b moot \\b . * ) & ( . * \\b [A-Za-z] { 6 , } \\b . * ) { 3 , }
lines using 2 instances of ' irl '	. * ( . * irl . * ) { 2 } . *
lines that contain 4 or more capital letters	. * ( . * [A-Z] . * ) { 4 } . *
lines that end with ' after '	. * after
lines that contain four letter words.	. * \\b [A-Za-z] { 4 } \\b . *
lines that start with ' iffl '	iffl . *
lines that contain ' on '	. * on . *
lines that begin with a number and end with " street " or " avenue " .	[0-9] . * ( street | avenue )
lines with vowels	. * [AEIOUaeioui] . *
lines using ' lives ' , ' lifes ' , or ' life '	. * li ( ves | fes | fe ) . *
lines that contain the text " then I said " .	. * then _ I _ said . *
lines that contain the word “movie” in them.	. * \\b movie \\b . *
lines that have less than 6 words but more than 3 words.	( [^A-Za-z] * \\b [A-Za-z] + \\b [^A-Za-z] * ) { 0 , 5 } & ( . * \\b [A-Za-z] + \\b . * ) { 4 , }
lines using at least 2 instances of " ly "	( . * ly . * ) { 2 , }
lines containing words that start with " fa "	. * \\b fa [A-Za-z] * \\b . *
lines containing " GHF " , but not " JFK "	( . * GHF . * ) & ( ~ ( . * JFK . * ) )
lines which have words beginning with ' H ' .	. * \\b H [A-Za-z] * \\b . *
lines where there is at least one word in which ' e ' follows ' i '	. * ( ( \\b [A-Za-z] [A-Za-z] * \\b ) & ( . * i . * e . * ) ) . *
lines having words ending with ' te ' .	. * ( ( \\b [A-Za-z] + \\b ) & ( . * te ) ) . *
lines that contain words that end in ' y ' that do not begin with ' w '	. * ( ( \\b [A-Za-z] + \\b ) & ( . * y ) & ( ~ ( w . * ) ) ) . *
lines that contain 5 or more words.	. * ( . * \\b [A-Za-z] [A-Za-z] * \\b . * ) { 5 } . *
lines that contain words ending in " az "	. * \\b [A-Za-z] * az \\b . *
lines that contain any numbers.	. * [0-9] . *
lines utilizing the number ' 1 ' .	. * 1 . *
lines that use the word " white "	. * \\b white \\b . *
lines which do not have numbers.	~ ( . * [0-9] . * )
lines that end with numbers.	. * [0-9]
lines containing words that have 5 letters in them.	. * \\b [A-Za-z] { 5 } \\b . *
lines with instances of " at " .	. * at . *
lines which contain " x " and " y " .	( . * x . * ) & ( . * y . * )
lines that do not use the word ' the '	~ ( . * \\b the \\b . * )
lines that contain either of ' y ' or ' z '	. * ( y | z ) . *
lines using three letter words.	. * \\b [A-Za-z] { 3 } \\b . *
lines containing the word " laughing " .	. * \\b laughing \\b . *
lines containing the word " trade " .	. * \\b trade \\b . *
lines where the word " and " appears between the words " sand " and " tide "	. * \\b sand \\b . * \\b and \\b . * \\b tide \\b . * | . * \\b tide \\b . * \\b and \\b . * \\b sand \\b . *
lines with numbers	. * [0-9] . *
lines that contain a period after a number, but only if before " ABC " .	. * [0-9] . * \ . . * ABC . *
lines that contain at least 2 vowels in a word.	. * ( ( \\b [A-Za-z] + \\b ) & ( . * [AEIOUaeiou] . * ) { 2 } ) . *
lines that have two words containing 5 or more letters.	( . * \\b [A-Za-z] { 5 , } \\b . * ) { 2 }
lines using ' life ' or ' lives '	. * ( life | lives ) . *
lines that have 4 characters	. { 4 }
lines that end in ' ! ' but do not contain ' surprise ' .	( . * \! ) & ( ~ ( . * surprise . * ) )
lines with three numbers and the word ' kitten ' .	( . * [0-9] . * ) { 3 } & ( . * \\b kitten \\b . * ) . *
lines that have no letters.	~ ( . * [A-Za-z] . * )
lines using ' art ' or ' led '	. * ( art | led ) . *
lines containing the word ' house ' .	. * \\b house \\b . *
lines that utilize the number ' 7 ' .	. * 7 . *
lines using 3 instances of ' b '	. * ( . * b . * ) { 3 } . *
lines that include words with ' ra ' .	. * ( ( \\b [A-Za-z] + \\b ) & ( . * ra . * ) ) . *
lines having words ending with ' oo ' .	. * ( ( \\b [A-Za-z] + \\b ) & ( . * oo ) ) . *
lines that contain 3 words.	( . * \\b [A-Za-z] + \\b . * ) { 3 }
lines using 7 ' f '	( . * f . * ) { 7 }
lines that contain the word " bar "	. * \\b bar \\b . *
lines that contain ' wig ' after ' er ' or ' let ' .	. * ( er | let ) . * wig . *
lines that contain words using the letters ' ant '	. * \\b [A-Za-z] * ant [A-Za-z] * \\b . *
lines that ends with ' ABC ' and contain two numbers.	( . * [0-9] . * ) { 2 } ABC
lines containing only one word	( [^A-Za-z] ) * \\b [A-Za-z] + \\b ( [^A-Za-z] ) *
lines that contain the text, " New York " .	. * New _ York . *
lines using the word " hurry " followed by the word " up " .	( . * \\b hurry \\b . * ) ( . * \\b up \\b . * )
lines which do have numbers.	. * [0-9] . *
lines that utilize the ' $ ' symbol.	. * ( . * \$ . * )
lines where there are three characters between instances of " ABC " and " WEX "	. * ABC . * . { 3 } . * WEX . * | . * WEX . * . { 3 } . * ABC . *
lines containing " oo " and " at " .	( . * oo . * ) & ( . * at . * )
lines that have more than 5 words ending with a " c. "	( . * \\b [A-Za-z] * c \\b . * ) { 6 , }
lines containing ' left ' and also containing ' right '	( . * left . * ) & ( . * right . * )
lines that contain ' dre ' or ' ber '	. * ( dre | ber ) . *
lines using a 3 letter sequence starting with ' n '	. * n [A-Za-z] { 2 } . *
lines that start with the letter ' c '	c . *
lines with ' un '	. * un . *
lines that have " oe " .	. * oe . *
lines that do not contain a number.	~ ( . * [0-9] . * )
lines containing ' ch ' or ' dh '	. * ( ch | dh ) . *
lines that contain " tran " and the word " nguyen " .	( . * tran . * ) & ( . * \\b nguyen \\b . * )
lines containing ' 8 ' and containing a ' 3 ' as well.	. * ( . * 8 . * ) & ( . * 3 . * ) . *
lines that have the letter ' X ' at the end of a word.	. * \\b [A-Za-z] * X \\b . *
lines using at least 4 characters	. * . { 4 } . *
lines that have the word " laugh " , and at least 1 number.	( . * \\b laugh \\b . * ) & ( . * [0-9] . * )
lines that contain the words " the " and " cold " .	( . * \\b the \\b . * ) & ( . * \\b cold \\b . * )
lines using ' pid ' immediately after ' stu '	. * stupid . *
lines that start with ' news '	news . *
lines in which there are words that begin with " th " .	. * \\b th [A-Za-z] * \\b . *
lines that begin with the word " Topo " .	\\b Topo \\b . *
lines that contain words using aught in them.	. * ( . * \\b [A-Za-z] * aught [A-Za-z] * \\b . * ) . *
lines that use ' mo ' followed by words starting with ' fo '	. * mo . * ( ( \\b [A-Za-z] + \\b ) & ( fo . * ) ) . *
lines utilizing the number ' 2 ' .	. * 2 . *
lines that contain at least one vowel in each word.	~ ( . * ( ( \\b [A-Za-z] + \\b ) & ( [^AEIOUaeiou] * ) ) . * )
lines ending with ' fer '	. * fer
lines composed of at least 3 words of 4 or more letters	( . * \\b [A-Za-z] { 4 , } \\b . * ) { 3 , }
lines that have at least five words that start with a vowel.	( . * \\b [AEIOUaeiou] [A-Za-z] * \\b . * ) { 5 }
lines that use the ' @ ' symbol	. * \@ . *
lines that have three words of five letters each.	( . * \\b [A-Za-z] { 5 } \\b . * ) { 3 }
lines that begin with the word " the " .	the \\b . *
lines of 6 characters that end with the letter " s " .	. { 5 } s
lines that contain the word ' tron ' but not ' bot ' .	( . * tron . * ) & ( ~ ( . * bot . * ) )
lines that have ' efg ' followed by the word ' car '	. * efg . * \\b car \\b . *
lines that contain words starting with the letter " g "	. * \\b g [A-Za-z] * \\b . *
lines that contain 5 or less words that have 4 or more letters where one of those letters is an ' a ' .	( [^A-Za-z] * ( ( \\b [A-Za-z] + \\b ) & ( [A-Za-z] { 4 , } ) & ( . * a . * ) ) [^A-Za-z] * ) { 0 , 5 }
lines that contain words starting with ' da ' .	. * \\b da [A-Za-z] * \\b . *
lines that have the numbers ' 12345 ' and ' 54321 ' .	( . * 12345 . * ) & ( . * 54321 . * )
lines that have words that start with ' b ' .	. * \\b b [A-Za-z] * \\b . *
lines that contain at least one word without any vowels.	. * ( ( \\b [A-Za-z] + \\b ) & ( ~ ( . * [AEIOUaeiou] . * ) ) ) . *
2 letter lines	[A-Za-z] { 2 }
lines using words that end with a vowel.	. * \\b [A-Za-z] * [aeiouAEIOU] \\b . *
lines that have words ending with ' as ' .	. * ( ( \\b . * as \\b ) & ( [A-Za-z] + ) ) . *
lines using at least 5 characters	. * . { 5 } . *
lines where numbers exist only after a sequence of " ABC " and " XYZ "	( [^0-9] * ) | ( ( ( [^0-9] * ) & ( . * ABC . * ) & ( . * XYZ . * ) ) . * )
lines with " bit " and not " ch " .	( . * bit . * ) & ( ~ ( . * ch . * ) )
lines which have " ing " and " out " but not " sh " or " cl " .	( ( . * ing . * ) & ( . * out . * ) & ( ~ ( . * ( sh | cl ) . * ) ) )
lines that start with ' A ' or An	A . * | An . *
lines using more than 5 characters	. * . { 6 , } . *
lines which contain multiple quoted words.	( . * \" [A-Za-z] + \" . * ) { 2 , }
lines that contain the word " Kelly " but do not contain the word " Chris " .	( . * \\b Kelly \\b . * ) & ( ~ ( . * \\b Chris \\b . * ) )
lines that only contain vowels.	[AEIOUaeiou] *
lines that have words ending in " ing " or " est " .	. * \\b [A-Za-z] * ( ing | est ) \\b . *
lines with ' Quasi ' as a stand alone word.	. * \\b Quasi \\b . *
lines containing the word " tag " .	. * \\b tag \\b . *
lines containing both letters and numbers, but no capitals.	( . * [A-Za-z] . * ) & ( . * [0-9] . * ) & ( ~ ( . * [A-Z] . * ) )
lines using at least two numbers, " aby " , and " oz " .	( . * [0-9] . * ) { 2 } & ( . * aby . * ) & ( . * oz . * )
lines that utilize the number ' 1 '	. * 1 . *
lines containing the letter " z " but not the letter " q " .	( . * z . * ) & ( ~ ( . * q . * ) )
lines containing 3 letter words starting with " z "	. * \\b z [A-Za-z] { 2 } \\b . *
lines using a word starting with a vowel and ending with ' y '	. * \\b [AEIOUaeiou] [A-Za-z] * y \\b . *
lines that use words ending in ' g '	. * ( ( . * g ) & ( \\b [A-Za-z] [A-Za-z] * \\b ) ) . *
lines with words matching the word ' fur ' .	. * \\b fur \\b . *
lines that start with " an "	an . *
lines utilizing words with ' be ' .	. * ( ( \\b [A-Za-z] + \\b ) & ( . * be . * ) ) . *
lines in which all words start with the letter " a " .	~ ( . * ( ( \\b [A-Za-z] + \\b ) & ( [^a] . * ) ) . * )
lines that begin with a vowel and end with a vowel	[aeiouAEIOU] ( . * [aeiouAEIOU] ) ?
lines that contain words starting with ' na ' .	. * \\b na [A-Za-z] * \\b . *
lines that mention ' fireflies ' but not ' butterflies ' .	( . * fireflies . * ) & ( ~ ( . * butterflies . * ) )
lines having the letter ' x ' .	. * x . *
lines which contain " q " and " u "	. * q . * u . * | . * u . * q . *
lines using ' ly ' or ' ny '	. * ( ly | ny ) . *
lines that start with " Transport One " and end in a number.	Transport _ One . * [0-9]
lines that end with ' ... '	. * \ . \ . \ .
lines containing 3 or more " ; "	( . * ; . * ) { 3 , }
lines that contain ' I ' in each word.	~ ( . * ( ( \\b [A-Za-z] + \\b ) & ( [^I] * ) ) . * )
lines that contain the phrase " bedrock " or " yabadabadoo " .	. * ( bedrock | yabadabadoo ) . *
lines that contain words starting with ' ge ' .	. * \\b ge [A-Za-z] * \\b . *
lines containing words that end with s.	. * \\b [A-Za-z] * s \\b . *
lines using words which have a vowel.	. * \\b [A-Za-z] * [aeiouAEIOU] [A-Za-z] * \\b . *
lines using ' an ' before ' imal '	. * an . * imal . *
lines that contain ' if ' before ' then ' or ' else ' .	. * if . * ( then | else ) . *
lines using words that begin with the letter " G " .	. * \\b G [A-Za-z] * \\b . *
lines containing words ending with ' mie ' .	. * \\b [A-Za-z] * mie \\b . *
lines that start with ' gates '	gates . *
lines composed of 3 or more characters	. * . { 3 , } . *
lines that start with " Al " but do not contain any numbers.	( Al . * ) & ( ~ ( . * [0-9] . * ) )
lines using words ending in ' ness '	. * \\b [A-Za-z] * ness \\b . *
lines with words that end with ' ca ' before words that end with ' att '	. * \\b [A-Za-z] * ca \\b . * \\b [A-Za-z] * att \\b . *
lines that contain words with ' ci ' .	. * ( ( \\b [A-Za-z] + \\b ) & ( . * ci . * ) ) . *
lines containing words ending in " re "	. * \\b [A-Za-z] * re \\b . *
lines that use only four words	( ( [^A-Za-z] ) * \\b [A-Za-z] + \\b ( [^A-Za-z] ) * ) { 4 }
lines ending with the letter " f "	. * f
lines that end in ' t '	. * t
lines that start with the letter " t " .	t . *
lines containing a 5 letter word beginning with ' t '	. * \\b t [A-Za-z] { 4 } \\b . *
lines ending with ' uns '	. * uns
lines ending with ' end '	. * end
lines that contain ' day ' or ' to '	. * ( day | to ) . *
lines that contain at least one word and the number ' 12 '	. * ( . * \\b [A-Za-z] + \\b . * ) & ( . * 12 . * ) . *
lines ending with ' wrench ' that use the word ' monkey ' .	. * \\b monkey \\b . * wrench
lines that contain at least one digit.	. * [0-9] . *
lines starting and ending with ' a '	a ( . * a ) ?
lines that have ' car '	. * car . *
lines of words whose last letters are " ing " .	. * \\b [A-Za-z] * ing \\b . *
lines beginning with the letter ' s ' and ending with the letter ' y '	s . * y
lines that use words ending with ' es ' .	. * \\b [A-Za-z] * es \\b . *
lines that have 3 characters after the first vowel	. * [AEIOUaeiou] . * ( . { 3 } ) . *
lines ending in ' z ' preceded by a word that ends in " nt "	. * \\b [A-Za-z] * nt \\b . * z
lines using the word ' day ' followed by the letters ' abc '	. * \\b day \\b . * abc . *
lines that contain words starting with ' gu ' .	. * \\b gu [A-Za-z] * \\b . *
lines that have the word " pray " .	. * \\b pray \\b . *
lines that contain words between ' I ' and ' you '	. * I . * \\b [A-Za-z] + \\b . * you . * | . * you . * \\b [A-Za-z] + \\b . * I . *
lines that contain 3 words with at least 1 number in between the 1st and 3rd word.	[^A-Za-z] * \\b [A-Za-z] + \\b ( ( . * \\b [A-Za-z] + \\b . * ) & ( . * [0-9] . * ) ) \\b [A-Za-z] + \\b [^A-Za-z] *
lines containing the text " and so it came to pass "	. * and _ so _ it _ came _ to _ pass . *
lines with ' helper ' where the word ' little ' does not appear before ' helper ' in that line.	( . * helper . * ) & ( ~ ( . * \\b little \\b . * helper . * ) )
lines that have a word ending with the letters ' ked ' .	. * \\b [A-Za-z] * ked \\b . *
lines that each begin with a vowel	[AEIOUaeiou] . *
lines ending in ' fuzz '	. * fuzz
lines using 6 ' e '	( . * e . * ) { 6 }
lines that contain words starting with a vowel and ending with a vowel.	. * ( ( \\b [A-Za-z] + \\b ) & ( [AEIOUaeiou] . * ) & ( . * [AEIOUaeiou] ) ) . *
lines that contain words using " oo " in them.	. * \\b [A-Za-z] * oo [A-Za-z] * \\b . *
lines which contain ' out '	. * out . *
lines using words ending with ' tu ' .	. * \\b [A-Za-z] * tu \\b . *
lines having " sh " after " wi " and " st " before " ar " .	. * ( ( . * wi . * sh . * ) & ( . * st . * ar . * ) ) . *
lines that start with the word ' The '	The \\b . *
lines that contain more than five words.	( . * \\b [A-Za-z] + \\b . * ) { 6 , }
lines that do not contain the letter " c " .	~ ( . * c . * )
lines starting with ' the '	the . *
lines that contain words ending with a vowel.	. * \\b [A-Za-z] * [AEIOUaeiou] \\b . *
lines that contain at least one word which is 8 characters or longer	. * ( ( \\b [A-Za-z] + \\b ) & ( . { 8 , } ) ) . *
lines that contain words ending with ' el ' .	. * ( ( \\b [A-Za-z] + \\b ) & ( . * el ) ) . *
lines containing words that end with ' P '	. * ( ( \\b . * P \\b ) & ( [A-Za-z] + ) ) . * . *
lines using a word which has uppercase letters and has lowercase letters	. * \\b ( ( [A-Za-z] * [A-Z] [A-Za-z] * ) & ( [A-Za-z] * [a-z] [A-Za-z] * ) ) \\b . *
lines that contain words with ' re ' .	. * \\b [A-Za-z] * re [A-Za-z] * \\b . *
lines that start with the letter ' a ' and end with the letter ' c '	a . * c
lines that have three characters before the sequence " SBC "	. * . { 3 } SBC . *
lines using the letter pair " no "	. * no . *
lines containing 3 or more vowels.	( . * [AEIOUaeiou] . * ) { 3 , }
lines which contain a word using 2 or more letters	. * \\b [A-Za-z] { 2 , } \\b . *
lines that contain " er " at the end of every word.	~ ( . * ( ( \\b [A-Za-z] + \\b ) & ( ~ ( . * er ) ) ) . * )
lines using 4 instances of ' ug '	. * ( . * ug . * ) { 4 } . *
lines that do not have ' the ' in them	~ ( . * the . * )
lines containing at least one uppercase letter, and at least one lowercase letter	( . * [A-Z] . * ) & ( . * [a-z] . * )
lines that contain the phrase " Wednesday " but not " Sunday " .	( . * Wednesday . * ) & ( ~ ( . * Sunday . * ) )
lines containing the word " revolution " .	. * \\b revolution \\b . *
lines ending with ' xyz '	. * xyz
lines that contain a nine letter word.	. * \\b [A-Za-z] { 9 } \\b . *
lines with fox that do not contain the word chicken.	( . * fox . * ) & ( ~ ( . * \\b chicken \\b . * ) )
lines utilizing words ending with ' fe ' .	. * ( ( \\b [A-Za-z] + \\b ) & ( . * fe ) ) . *
lines that do not have any word consisting of 4 letters.	~ ( . * \\b [A-Za-z] { 4 } \\b . * )
lines which start with ' oocl '	oocl . *
lines that do not contain numerical characters.	~ ( . * [0-9] . * )
lines using ' gophers ' and containing the words ' grass ' and ' seeds ' .	( . * gophers . * ) & ( . * \\b grass \\b . * ) & ( . * \\b seeds \\b . * )
lines containing " annou " and " irth " that do not have a " c " anywhere.	( . * annou . * ) & ( . * irth . * ) & ( ~ ( . * c . * ) )
lines using ' x ' before ' z '	. * x . * z . *
lines beginning with the letter ' f '	f . *
4 letter lines	[A-Za-z] { 4 }
lines using numbers that show two or more " 0 " .	. * ( . * 0 . * ) { 2 , } . *
lines with a word ending in " synth:0114 " that contain only one word	( [^A-Za-z] ) * \\b [A-Za-z] * synth:0114 \\b ( [^A-Za-z] ) *
lines containing the letter ' synth:0694 ' but not the letter ' synth:0695 ' .	( . * synth:0694 . * ) & ( ~ ( . * synth:0695 . * ) )
lines using a word having the string ' synth:0537 '	. * \\b [A-Za-z] * synth:0537 [A-Za-z] * \\b . *
lines that contain ' ABC ' or ' synth:0201 ' .	. * ABC . * | . * synth:0201 . *
lines which contain the word ' if ' and the letter ' 8 ' .	( . * \\b if \\b . * ) & ( . * 8 . * )
lines using the word " synth:0839 " followed by the letters ' helper '	. * \\b synth:0839 \\b . * helper . *
lines that contain words ending in ' P ' .	. * \\b [A-Za-z] * P \\b . *
lines that begin with ' synth:0466 ' and end with ' synth:0467 '	synth:0466 . * synth:0467
lines where there is at least one word in which " synth:0847 " follows " no "	. * ( ( \\b [A-Za-z] [A-Za-z] * \\b ) & ( . * no . * synth:0847 . * ) ) . *
lines utilizing words with " synth:0277 " .	. * ( ( \\b [A-Za-z] + \\b ) & ( . * synth:0277 . * ) ) . *
lines that have ' synth:0742 ' between ' synth:0743 ' and ' 2 '	. * synth:0743 . * synth:0742 . * 2 . * | . * 2 . * synth:0742 . * synth:0743 . *
lines of 6 characters that end with the letter " synth:0023 " .	. { 5 } synth:0023
lines that use ' i ' followed by words starting with " st "	. * i . * ( ( \\b [A-Za-z] + \\b ) & ( st . * ) ) . *
lines using the letter pair ' synth:0346 '	. * synth:0346 . *
lines using a word having the string ' synth:0498 '	. * \\b [A-Za-z] * synth:0498 [A-Za-z] * \\b . *
lines that are composed of 5 words or less where at least one word begins with the letter ' synth:0552 ' .	( ( [^A-Za-z] * \\b [A-Za-z] + \\b [^A-Za-z] * ) { 0 , 5 } ) & ( . * \\b synth:0552 [A-Za-z] * \\b . * )
lines that contain " A " after ' synth:0453 ' or ' synth:0454 ' .	. * ( synth:0453 | synth:0454 ) . * A . *
lines that have the word " synth:0502 " preceeding the word " ly " .	. * \\b synth:0502 \\b . * \\b ly \\b . *
lines using ' synth:0425 ' before " synth:0426 "	. * synth:0425 . * synth:0426 . *
lines having words ending with ' synth:0761 ' .	. * \\b [A-Za-z] * synth:0761 \\b . *
lines that contain words ending with ' synth:0051 ' .	. * ( ( \\b [A-Za-z] [A-Za-z] * \\b ) & ( . * synth:0051 ) ) . *
lines starting with ' synth:0762 '	synth:0762 . *
lines using a word starting with a vowel and ending with ' synth:0183 '	. * \\b [AEIOUaeiou] [A-Za-z] * synth:0183 \\b . *
lines with " synth:0600 "	. * synth:0600 . *
lines containing ' to ' and ' on ' .	( . * to . * ) & ( . * on . * )
lines that have words starting with ' synth:0373 ' .	. * ( ( \\b [A-Za-z] [A-Za-z] * \\b ) & ( synth:0373 . * ) ) . *
lines containing a 5 letter word beginning with " life "	. * \\b life [A-Za-z] { 4 } \\b . *
lines that contain words ending in ' a '	. * ( ( \\b [A-Za-z] [A-Za-z] * \\b ) & ( . * a ) ) . *
lines that contain instances of ' synth:0773 ' , but only if its one of the first three words.	( [^A-Za-z] * \\b [A-Za-z] + \\b [^A-Za-z] * ) { 0 , 2 } [^A-Za-z] * \\b synth:0773 \\b . *
lines that end in an " at "	. * at
lines with " synth:0461 " but not ' synth:0462 ' .	( . * synth:0461 . * ) & ( ~ ( . * synth:0462 . * ) )
lines that contain only the letters " synth:0882 " .	synth:0882
lines that have " ABC " followed by the word ' synth:0336 '	. * ABC . * \\b synth:0336 \\b . *
lines that contain words ending in ' synth:0428 '	. * \\b [A-Za-z] * synth:0428 \\b . *
lines containing ' abc ' and containing the word ' synth:0029 '	. * abc . * & ( . * \\b synth:0029 \\b . * )
lines utilizing words ending with " life " .	. * ( ( \\b [A-Za-z] + \\b ) & ( . * life ) ) . *
lines that include words with ' be ' .	. * ( ( \\b [A-Za-z] + \\b ) & ( . * be . * ) ) . *
lines containing " synth:0120 "	( . * synth:0120 . * ) . *
lines that end in ' synth:0832 '	. * synth:0832
lines beginning with the letter ' ge '	ge . *
lines containing " synth:0890 " before ' synth:0891 '	. * synth:0890 . * synth:0891 . *
lines containing ' on ' and also containing " synth:0811 is it "	( . * on . * ) & ( . * synth:0811 _ is _ it . * )
lines containing 3 or more ' ch '	( . * ch . * ) { 3 , }
lines that contain either of ' news ' or " synth:0244 "	. * ( news | synth:0244 ) . *
lines containing any mention of the word ' synth:0734 ' .	. * \\b synth:0734 \\b . *
lines which contain a word starting with " d "	. * \\b d [A-Za-z] * \\b . *
lines where there is at least one word in which ' bar ' follows ' synth:0054 '	. * ( ( \\b [A-Za-z] [A-Za-z] * \\b ) & ( . * synth:0054 . * bar . * ) ) . *
lines which end with ' synth:0722 '	. * synth:0722
lines that contain the phrase ' synth:0042 ' or ' synth:0043 ' .	. * ( synth:0042 | synth:0043 ) . *
lines that have the numbers " synth:0745 " and " synth:0746 " .	( . * synth:0745 . * ) & ( . * synth:0746 . * )
lines containing ' synth:0155 ' and ' synth:0156 ' that do not have a ' synth:0157 ' anywhere.	( . * synth:0155 . * ) & ( . * synth:0156 . * ) & ( ~ ( . * synth:0157 . * ) )
lines containing the word " synth:0394 " at the end.	. * \\b synth:0394
lines that start with ' synth:0460 ' and end in a number.	synth:0460 . * [0-9]
lines which have instances of ' synth:0372 ' .	. * synth:0372 . *
lines that contain instances of ' synth:0338 ' , but only if its one of the first three words.	( [^A-Za-z] * \\b [A-Za-z] + \\b [^A-Za-z] * ) { 0 , 2 } [^A-Za-z] * \\b synth:0338 \\b . *
lines that mention " 7 " .	. * 7 . *
lines that start with " synth:0656 " .	( synth:0656 . * ) . *
lines which contain the word ' synth:0819 ' and the letter ' 0 ' .	( . * \\b synth:0819 \\b . * ) & ( . * 0 . * )
lines containing ' An ' and containing ' synth:0255 ' too	( . * An . * ) & ( . * synth:0255 . * )
lines that have the numbers ' synth:0512 ' and " synth:0513 " .	( . * synth:0512 . * ) & ( . * synth:0513 . * )
lines using ' synth:0090 ' and containing the words " synth:0091 " and " synth:0092 " .	( . * synth:0090 . * ) & ( . * \\b synth:0091 \\b . * ) & ( . * \\b synth:0092 \\b . * )
lines containing words ending in ' 8 '	. * \\b [A-Za-z] * 8 \\b . *
lines which have words beginning with " tch " .	. * \\b tch [A-Za-z] * \\b . *
lines using the word ' helper ' and ' lives ' .	. * ( . * \\b helper \\b . * ) & ( . * lives . * )
lines using words with ' b ' .	. * \\b [A-Za-z] * b [A-Za-z] * \\b . *
lines containing words that end with ' synth:0797 '	. * ( ( \\b . * synth:0797 \\b ) & ( [A-Za-z] + ) ) . * . *
lines that use the word " synth:0380 "	. * \\b synth:0380 \\b . *
lines which do not have " synth:0235 " .	~ ( . * synth:0235 . * )
lines with ' synth:0479 ' but not ' synth:0480 ' .	( . * synth:0479 . * ) & ( ~ ( . * synth:0480 . * ) )
lines which contain a word starting with ' t '	. * \\b t [A-Za-z] * \\b . *
lines that have words containing ' der '	. * \\b [A-Za-z] * der [A-Za-z] * \\b . *
lines using three character words begining with the letters ' tt ' .	. * \\b tt [A-Za-z] \\b . *
lines using words ending in " synth:0452 " .	. * \\b [A-Za-z] * synth:0452 \\b . *
lines that contain three words that start with the letter " synth:0393 " .	( . * \\b synth:0393 [A-Za-z] * \\b . * ) { 3 }
lines using the word ' b ' and the number ' synth:0184 ' .	. * ( . * \\b b \\b . * ) & ( . * synth:0184 . * ) . *
lines that contain the word " synth:0739 " within 5 characters of the word ' synth:0740 ' .	. * ( \\b synth:0739 \\b . { 1 , 5 } \\b synth:0740 \\b | \\b synth:0740 \\b . { 1 , 5 } \\b synth:0739 \\b ) . *
lines that have ' synth:0584 ' after ' b '	. * b . * synth:0584 . *
lines with ' 3 ' but not " life " .	( . * 3 . * ) & ( ~ ( . * life . * ) )
lines that utilize words starting with ' synth:0248 ' .	. * ( ( [A-Za-z] + ) & ( \\b synth:0248 . * \\b ) ) . *
lines that start with the word ' then '	then \\b . *
lines that contain at least one word starting with ' synth:0475 ' .	. * \\b synth:0475 [A-Za-z] * \\b . *
lines using words ending with ' synth:0325 ' .	. * \\b [A-Za-z] * synth:0325 \\b . *
lines that contain the letters " synth:0281 " .	. * synth:0281 . *
lines using the word " t " .	. * ( . * \\b t \\b . * ) . *
lines utilizing words with " synth:0316 " .	. * ( ( \\b [A-Za-z] + \\b ) & ( . * synth:0316 . * ) ) . *
lines using ' synth:0040 ' after " life " or ' synth:0041 ' .	. * ( life | synth:0041 ) . * synth:0040 . *
lines that have ' synth:0688 ' .	. * synth:0688 . *
lines which contain ' s '	. * s . *
lines that have six letter words ending in ' pray ' .	. * \\b [A-Za-z] { 4 } pray \\b . *
lines that have the word ' synth:0767 ' preceeding the word ' the ' .	. * \\b synth:0767 \\b . * \\b the \\b . *
lines that begin with " st " and end with " synth:0855 "	st . * synth:0855
lines with the word ' synth:0529 ' followed by words that start with ' synth:0530 '	. * \\b synth:0529 \\b . * \\b synth:0530 [A-Za-z] * \\b . *
lines that have a word beginning with th and a number that begins in " synth:0582 "	( . * \\b th [A-Za-z] * \\b . * ) & ( . * synth:0582 [0-9] * . * )
lines using 5 ' synth:0664 '	( . * synth:0664 . * ) { 5 }
lines starting and ending with ' ly '	ly ( . * ly ) ?
lines using " synth:0598 " in the middle of a word.	. * \\b [A-Za-z] + synth:0598 [A-Za-z] + \\b . *
lines that contain a word starting with " synth:0252 " and ending with " synth:0252 "	. * \\b synth:0252 ( [A-Za-z] * synth:0252 ) ? \\b . *
lines that contain the number " JFK " and " synth:0434 " and begin with ' A ' .	( . * JFK . * ) & ( . * synth:0434 . * ) & ( A . * )
lines using words ending in " ABC "	. * \\b [A-Za-z] * ABC \\b . *
lines that carry the word ' synth:0567 ' located in between " synth:0568 " and ' xyz ' .	. * synth:0568 . * \\b synth:0567 \\b . * xyz . * | . * xyz . * \\b synth:0567 \\b . * synth:0568 . *
lines that use the number ' 5 ' .	. * 5 . *
lines using 5 instances of ' fu '	. * ( . * fu . * ) { 5 } . *
lines that contain the number " 2 " and " May " and begin with " Mary " .	( . * 2 . * ) & ( . * May . * ) & ( Mary . * )
lines using 6 instances of ' fu '	. * ( . * fu . * ) { 6 } . *
lines containing any number with an ' 7 ' in it.	. * 7 . *
lines using at least 2 instances of " ly "	( . * ly . * ) { 2 , }
lines using 6 ' f '	( . * f . * ) { 6 }
lines using 4 ' f '	( . * f . * ) { 4 }
lines using a 5 letter sequence starting with ' n '	. * n [A-Za-z] { 4 } . *
lines that use the number ' 6 ' .	. * 6 . *
lines containing a 7 letter word beginning with ' t '	. * \\b t [A-Za-z] { 6 } \\b . *
lines using 3 ' e '	( . * e . * ) { 3 }
lines which contain only the number " 8 " .	8
lines utilizing the number ' 2 ' .	. * 2 . *
lines that utilize the number ' 4 ' .	. * 4 . *
lines that have 7 numbers and contain the word " Columbia " .	( . * [0-9] . * ) { 7 } & ( . * \\b Columbia \\b . * )
lines that show the letter " a " and number " 4 " .	( . * a . * ) & ( . * 4 . * )
lines using 8 or more words containing the letters ' ing ' .	( . * ( \\b [A-Za-z] + \\b & ( . * ing . * ) ) . * ) { 8 , }
lines that have the number " 4 " .	. * 4 . *
lines containing 8 letter words starting with " z "	. * \\b z [A-Za-z] { 7 } \\b . *
lines using 3 instances of ' sw '	. * ( . * sw . * ) { 3 } . *
lines using 6 instances of ' sw '	. * ( . * sw . * ) { 6 } . *
lines that end with the number " 3 " .	. * 3
lines that have 1 numbers and contain the word " Columbia " .	( . * [0-9] . * ) { 1 } & ( . * \\b Columbia \\b . * )
lines using 9 ' e '	( . * e . * ) { 9 }
lines where the number ' 8 ' appears	. * 8 . *
lines that have a word beginning with th and a number that begins in " 9 "	( . * \\b th [A-Za-z] * \\b . * ) & ( . * 9 [0-9] * . * )
lines using 2 ' d '	( . * d . * ) { 2 }
lines where the number ' 6 ' appears	. * 6 . *
lines using the word " George " and the number " 7 " .	. * ( . * \\b George \\b . * ) & ( . * 7 . * ) . *
lines containing 3 or more " ; "	( . * ; . * ) { 3 , }
lines that contain 1 or more " b "	( . * b . * ) { 1 }
lines using 6 or more words containing the letters ' ing ' .	( . * ( \\b [A-Za-z] + \\b & ( . * ing . * ) ) . * ) { 6 , }
lines using at least 9 instances of " ly "	( . * ly . * ) { 9 , }
lines containing any number with an ' 1 ' in it.	. * 1 . *
lines that use the number ' 4 ' .	. * 4 . *
lines using 1 ' d '	( . * d . * ) { 1 }
lines of 7 characters that end with the letter " s " .	. { 6 } s
lines that end with the number " 5 " .	. * 5
lines using at least 5 ' d '	( . * d . * ) { 5 , }
lines using 2 ' f '	( . * f . * ) { 2 }
lines using 4 instances of ' fu '	. * ( . * fu . * ) { 4 } . *
lines using at least 3 ' d '	( . * d . * ) { 3 , }
lines using 5 or more words containing the letters ' ing ' .	( . * ( \\b [A-Za-z] + \\b & ( . * ing . * ) ) . * ) { 5 , }
lines using at least 3 instances of " ly "	( . * ly . * ) { 3 , }
lines using 3 instances of ' b '	. * ( . * b . * ) { 3 } . *
lines using the word " George " and the number " 5 " .	. * ( . * \\b George \\b . * ) & ( . * 5 . * ) . *
lines utilizing the number ' 3 ' .	. * 3 . *
lines using a 1 letter sequence starting with ' n '	. * n [A-Za-z] { 0 } . *
lines that use the number ' 3 ' .	. * 3 . *
lines that have the number " 3 " .	. * 3 . *
lines containing a 9 letter word beginning with ' t '	. * \\b t [A-Za-z] { 8 } \\b . *
lines that contain at least one word and the number ' 7 '	. * ( . * \\b [A-Za-z] + \\b . * ) & ( . * 7 . * ) . *
lines using 3 or more words containing the letters ' ing ' .	( . * ( \\b [A-Za-z] + \\b & ( . * ing . * ) ) . * ) { 3 , }
lines that end with the number " 1 " .	. * 1
lines that contain at least one word and the number ' 9 '	. * ( . * \\b [A-Za-z] + \\b . * ) & ( . * 9 . * ) . *
lines which contain only the number " 9 " .	9
lines that have the number " 6 " .	. * 6 . *
lines using 3 instances of ' ug '	. * ( . * ug . * ) { 3 } . *
lines using at least 1 ' d '	( . * d . * ) { 1 , }
lines which contain only the number " 4 " .	4
lines that end with the number " 4 " .	. * 4
lines using 8 instances of ' irl '	. * ( . * irl . * ) { 8 } . *
lines that utilize the number ' 8 '	. * 8 . *
lines using 7 ' f '	( . * f . * ) { 7 }
lines using 6 ' d '	( . * d . * ) { 6 }
lines using a 9 letter sequence starting with ' n '	. * n [A-Za-z] { 8 } . *
lines which contain only the number " 6 " .	6
lines using at least 7 ' d '	( . * d . * ) { 7 , }
lines that utilize the number ' 8 ' .	. * 8 . *
lines using 6 ' e '	( . * e . * ) { 6 }
lines containing 5 or more " ; "	( . * ; . * ) { 5 , }
lines that utilize the number ' 6 ' .	. * 6 . *
lines using at least 2 ' d '	( . * d . * ) { 2 , }
lines using 5 instances of ' ug '	. * ( . * ug . * ) { 5 } . *
lines containing 1 or more " ; "	( . * ; . * ) { 1 , }
lines using the word " George " and the number " 3 " .	. * ( . * \\b George \\b . * ) & ( . * 3 . * ) . *
lines where the number ' 4 ' appears	. * 4 . *
lines using 4 instances of ' irl '	. * ( . * irl . * ) { 4 } . *
lines containing 8 or more " ; "	( . * ; . * ) { 8 , }
lines using 6 instances of ' b '	. * ( . * b . * ) { 6 } . *
lines that utilize the number ' 2 ' .	. * 2 . *
lines containing 3 letter words starting with " z "	. * \\b z [A-Za-z] { 2 } \\b . *
lines using at least 1 instances of " ly "	( . * ly . * ) { 1 , }
lines that contain the number " 7 " and " May " and begin with " Mary " .	( . * 7 . * ) & ( . * May . * ) & ( Mary . * )
lines that have a ' 8 ' in them	. * 8 . *
lines that have the number " 9 " .	. * 9 . *
lines that contain 5 or more " b "	( . * b . * ) { 5 }
lines which contain only the number " 7 " .	7
lines using at least 4 instances of " ly "	( . * ly . * ) { 4 , }
lines of 1 characters that end with the letter " s " .	. { 0 } s
lines using a 6 letter sequence starting with ' n '	. * n [A-Za-z] { 5 } . *
lines using 8 ' e '	( . * e . * ) { 8 }
lines that contain the number " 3 " and " May " and begin with " Mary " .	( . * 3 . * ) & ( . * May . * ) & ( Mary . * )
lines using 1 ' e '	( . * e . * ) { 1 }
lines using 1 ' f '	( . * f . * ) { 1 }
lines that show the letter " a " and number " 7 " .	( . * a . * ) & ( . * 7 . * )
lines using 5 ' f '	( . * f . * ) { 5 }
lines using a 8 letter sequence starting with ' n '	. * n [A-Za-z] { 7 } . *
lines using the word " George " and the number " 4 " .	. * ( . * \\b George \\b . * ) & ( . * 4 . * ) . *
lines containing a 6 letter word beginning with ' t '	. * \\b t [A-Za-z] { 5 } \\b . *
lines using 8 ' f '	( . * f . * ) { 8 }
lines that contain at least one word and the number ' 3 '	. * ( . * \\b [A-Za-z] + \\b . * ) & ( . * 3 . * ) . *
lines that have a word beginning with th and a number that begins in " 5 "	( . * \\b th [A-Za-z] * \\b . * ) & ( . * 5 [0-9] * . * )
lines that contain the number " 8 " and " May " and begin with " Mary " .	( . * 8 . * ) & ( . * May . * ) & ( Mary . * )
lines containing a 5 letter word beginning with ' t '	. * \\b t [A-Za-z] { 4 } \\b . *
lines that utilize the number ' 1 ' .	. * 1 . *
lines using 8 ' d '	( . * d . * ) { 8 }
lines that utilize the number ' 3 '	. * 3 . *
lines containing any number with an ' 2 ' in it.	. * 2 . *
lines using 9 instances of ' b '	. * ( . * b . * ) { 9 } . *
lines that have a ' 2 ' in them	. * 2 . *
lines that have the number " 5 " .	. * 5 . *
lines using at least 6 ' d '	( . * d . * ) { 6 , }
lines using 2 ' e '	( . * e . * ) { 2 }
lines using 5 instances of ' sw '	. * ( . * sw . * ) { 5 } . *
lines which contain only the number " 5 " .	5
lines where the number ' 5 ' appears	. * 5 . *
lines of 5 characters that end with the letter " s " .	. { 4 } s
lines using 7 instances of ' fu '	. * ( . * fu . * ) { 7 } . *
lines using the word " George " and the number " 8 " .	. * ( . * \\b George \\b . * ) & ( . * 8 . * ) . *
lines using a 2 letter sequence starting with ' n '	. * n [A-Za-z] { 1 } . *
lines using at least 6 instances of " ly "	( . * ly . * ) { 6 , }
lines using 7 ' d '	( . * d . * ) { 7 }
lines that have 8 numbers and contain the word " Columbia " .	( . * [0-9] . * ) { 8 } & ( . * \\b Columbia \\b . * )
lines where the number ' 3 ' appears	. * 3 . *
lines that contain at least one word and the number ' 5 '	. * ( . * \\b [A-Za-z] + \\b . * ) & ( . * 5 . * ) . *
lines using 2 instances of ' sw '	. * ( . * sw . * ) { 2 } . *
lines using the word " George " and the number " 6 " .	. * ( . * \\b George \\b . * ) & ( . * 6 . * ) . *
lines using 4 instances of ' b '	. * ( . * b . * ) { 4 } . *
lines using 9 or more words containing the letters ' ing ' .	( . * ( \\b [A-Za-z] + \\b & ( . * ing . * ) ) . * ) { 9 , }
lines where the number ' 1 ' appears	. * 1 . *
lines that utilize the number ' 1 '	. * 1 . *
lines using a 4 letter sequence starting with ' n '	. * n [A-Za-z] { 3 } . *
lines that show the letter " a " and number " 9 " .	( . * a . * ) & ( . * 9 . * )
lines that have a ' 5 ' in them	. * 5 . *
lines that have the number " 1 " .	. * 1 . *
lines that end with the number " 6 " .	. * 6
lines that show the letter " a " and number " 6 " .	( . * a . * ) & ( . * 6 . * )
lines that have 6 numbers and contain the word " Columbia " .	( . * [0-9] . * ) { 6 } & ( . * \\b Columbia \\b . * )
lines using 4 instances of ' ug '	. * ( . * ug . * ) { 4 } . *
lines containing 9 letter words starting with " z "	. * \\b z [A-Za-z] { 8 } \\b . *
lines using 1 instances of ' sw '	. * ( . * sw . * ) { 1 } . *
lines containing any number with an ' 3 ' in it.	. * 3 . *
lines using 6 instances of ' ug '	. * ( . * ug . * ) { 6 } . *
lines containing a 8 letter word beginning with ' t '	. * \\b t [A-Za-z] { 7 } \\b . *
lines using at least 7 instances of " ly "	( . * ly . * ) { 7 , }
lines that show the letter " a " and number " 1 " .	( . * a . * ) & ( . * 1 . * )
lines using 2 instances of ' irl '	. * ( . * irl . * ) { 2 } . *
lines that have a ' 1 ' in them	. * 1 . *
lines that utilize the number ' 5 '	. * 5 . *
lines that utilize the number ' 6 '	. * 6 . *
lines using 2 instances of ' b '	. * ( . * b . * ) { 2 } . *
lines using 8 instances of ' sw '	. * ( . * sw . * ) { 8 } . *
lines of 6 characters that end with the letter " s " .	. { 5 } s
lines that have the number " 7 " .	. * 7 . *
lines using the word " George " and the number " 1 " .	. * ( . * \\b George \\b . * ) & ( . * 1 . * ) . *
lines of 9 characters that end with the letter " s " .	. { 8 } s
lines containing any number with an ' 6 ' in it.	. * 6 . *
lines containing 9 or more " ; "	( . * ; . * ) { 9 , }
lines using at least 5 instances of " ly "	( . * ly . * ) { 5 , }
lines using 2 instances of ' fu '	. * ( . * fu . * ) { 2 } . *
lines using 3 instances of ' fu '	. * ( . * fu . * ) { 3 } . *
lines utilizing the number ' 7 ' .	. * 7 . *
lines containing 2 letter words starting with " z "	. * \\b z [A-Za-z] { 1 } \\b . *
lines using 9 ' d '	( . * d . * ) { 9 }
lines of 3 characters that end with the letter " s " .	. { 2 } s
lines that have 5 numbers and contain the word " Columbia " .	( . * [0-9] . * ) { 5 } & ( . * \\b Columbia \\b . * )
lines that contain 2 or more " b "	( . * b . * ) { 2 }
lines using 7 instances of ' b '	. * ( . * b . * ) { 7 } . *
lines where the number ' 2 ' appears	. * 2 . *
lines where the number ' 7 ' appears	. * 7 . *
lines using 3 instances of ' irl '	. * ( . * irl . * ) { 3 } . *
lines that contain the number " 6 " and " May " and begin with " Mary " .	( . * 6 . * ) & ( . * May . * ) & ( Mary . * )
lines that have the number " 2 " .	. * 2 . *
lines that have a ' 3 ' in them	. * 3 . *
lines that have a word beginning with th and a number that begins in " 4 "	( . * \\b th [A-Za-z] * \\b . * ) & ( . * 4 [0-9] * . * )
lines containing a 3 letter word beginning with ' t '	. * \\b t [A-Za-z] { 2 } \\b . *
lines that have 9 numbers and contain the word " Columbia " .	( . * [0-9] . * ) { 9 } & ( . * \\b Columbia \\b . * )
lines that contain the number " 1 " and " May " and begin with " Mary " .	( . * 1 . * ) & ( . * May . * ) & ( Mary . * )
lines that have 3 numbers and contain the word " Columbia " .	( . * [0-9] . * ) { 3 } & ( . * \\b Columbia \\b . * )
lines that have a ' 7 ' in them	. * 7 . *
lines using 1 instances of ' fu '	. * ( . * fu . * ) { 1 } . *
lines utilizing the number ' 5 ' .	. * 5 . *
lines utilizing the number ' 1 ' .	. * 1 . *
lines containing 4 letter words starting with " z "	. * \\b z [A-Za-z] { 3 } \\b . *
lines containing a 1 letter word beginning with ' t '	. * \\b t [A-Za-z] { 0 } \\b . *
lines utilizing the number ' 9 ' .	. * 9 . *
lines using at least 8 instances of " ly "	( . * ly . * ) { 8 , }
lines using 9 instances of ' fu '	. * ( . * fu . * ) { 9 } . *
lines that contain 6 or more " b "	( . * b . * ) { 6 }
lines using 4 ' e '	( . * e . * ) { 4 }
lines which contain only the number " 2 " .	2
lines utilizing the number ' 8 ' .	. * 8 . *
lines containing 7 letter words starting with " z "	. * \\b z [A-Za-z] { 6 } \\b . *
lines using 9 instances of ' irl '	. * ( . * irl . * ) { 9 } . *
lines containing 6 letter words starting with " z "	. * \\b z [A-Za-z] { 5 } \\b . *
lines using a 3 letter sequence starting with ' n '	. * n [A-Za-z] { 2 } . *
lines that have a word beginning with th and a number that begins in " 7 "	( . * \\b th [A-Za-z] * \\b . * ) & ( . * 7 [0-9] * . * )
lines that contain the number " 9 " and " May " and begin with " Mary " .	( . * 9 . * ) & ( . * May . * ) & ( Mary . * )
